Scenario,Config,AgentName,Commitment,Rep,Score,NumTraps
3.1_fixed_no_traps,AgentA_solo,player,1,1,313,0
3.1_fixed_no_traps,AgentA_solo,player,1,10,297,0
3.1_fixed_no_traps,AgentA_solo,player,1,2,298,0
3.1_fixed_no_traps,AgentA_solo,player,1,3,310,0
3.1_fixed_no_traps,AgentA_solo,player,1,4,310,0
3.1_fixed_no_traps,AgentA_solo,player,1,5,310,0
3.1_fixed_no_traps,AgentA_solo,player,1,6,310,0
3.1_fixed_no_traps,AgentA_solo,player,1,7,311,0
3.1_fixed_no_traps,AgentA_solo,player,1,8,294,0
3.1_fixed_no_traps,AgentA_solo,player,1,9,305,0
3.1_fixed_no_traps,AgentA_solo,player,20,1,223,0
3.1_fixed_no_traps,AgentA_solo,player,20,10,231,0
3.1_fixed_no_traps,AgentA_solo,player,20,2,241,0
3.1_fixed_no_traps,AgentA_solo,player,20,3,229,0
3.1_fixed_no_traps,AgentA_solo,player,20,4,231,0
3.1_fixed_no_traps,AgentA_solo,player,20,5,230,0
3.1_fixed_no_traps,AgentA_solo,player,20,6,229,0
3.1_fixed_no_traps,AgentA_solo,player,20,7,233,0
3.1_fixed_no_traps,AgentA_solo,player,20,8,234,0
3.1_fixed_no_traps,AgentA_solo,player,20,9,229,0
3.1_fixed_no_traps,AgentB_solo,player,1,1,297,0
3.1_fixed_no_traps,AgentB_solo,player,1,10,303,0
3.1_fixed_no_traps,AgentB_solo,player,1,2,324,0
3.1_fixed_no_traps,AgentB_solo,player,1,3,299,0
3.1_fixed_no_traps,AgentB_solo,player,1,4,306,0
3.1_fixed_no_traps,AgentB_solo,player,1,5,321,0
3.1_fixed_no_traps,AgentB_solo,player,1,6,320,0
3.1_fixed_no_traps,AgentB_solo,player,1,7,315,0
3.1_fixed_no_traps,AgentB_solo,player,1,8,309,0
3.1_fixed_no_traps,AgentB_solo,player,1,9,303,0
3.1_fixed_no_traps,AgentB_solo,player,20,1,227,0
3.1_fixed_no_traps,AgentB_solo,player,20,10,233,0
3.1_fixed_no_traps,AgentB_solo,player,20,2,235,0
3.1_fixed_no_traps,AgentB_solo,player,20,3,231,0
3.1_fixed_no_traps,AgentB_solo,player,20,4,239,0
3.1_fixed_no_traps,AgentB_solo,player,20,5,230,0
3.1_fixed_no_traps,AgentB_solo,player,20,6,228,0
3.1_fixed_no_traps,AgentB_solo,player,20,7,239,0
3.1_fixed_no_traps,AgentB_solo,player,20,8,238,0
3.1_fixed_no_traps,AgentB_solo,player,20,9,230,0
3.1_fixed_no_traps,all_together,agB,1,1,241,0
3.1_fixed_no_traps,all_together,agA,1,1,235,0
3.1_fixed_no_traps,all_together,rnd,1,1,46,0
3.1_fixed_no_traps,all_together,agB,1,10,236,0
3.1_fixed_no_traps,all_together,rnd,1,10,36,0
3.1_fixed_no_traps,all_together,agA,1,10,226,0
3.1_fixed_no_traps,all_together,agB,1,2,220,0
3.1_fixed_no_traps,all_together,agA,1,2,235,0
3.1_fixed_no_traps,all_together,rnd,1,2,42,0
3.1_fixed_no_traps,all_together,agB,1,3,231,0
3.1_fixed_no_traps,all_together,rnd,1,3,43,0
3.1_fixed_no_traps,all_together,agA,1,3,215,0
3.1_fixed_no_traps,all_together,agB,1,4,225,0
3.1_fixed_no_traps,all_together,agA,1,4,212,0
3.1_fixed_no_traps,all_together,rnd,1,4,38,0
3.1_fixed_no_traps,all_together,agB,1,5,235,0
3.1_fixed_no_traps,all_together,agA,1,5,231,0
3.1_fixed_no_traps,all_together,rnd,1,5,27,0
3.1_fixed_no_traps,all_together,agB,1,6,219,0
3.1_fixed_no_traps,all_together,rnd,1,6,36,0
3.1_fixed_no_traps,all_together,agA,1,6,243,0
3.1_fixed_no_traps,all_together,rnd,1,7,21,0
3.1_fixed_no_traps,all_together,agB,1,7,237,0
3.1_fixed_no_traps,all_together,agA,1,7,226,0
3.1_fixed_no_traps,all_together,agB,1,8,225,0
3.1_fixed_no_traps,all_together,rnd,1,8,41,0
3.1_fixed_no_traps,all_together,agA,1,8,209,0
3.1_fixed_no_traps,all_together,agA,1,9,235,0
3.1_fixed_no_traps,all_together,agB,1,9,246,0
3.1_fixed_no_traps,all_together,rnd,1,9,30,0
3.1_fixed_no_traps,all_together,agA,20,1,129,0
3.1_fixed_no_traps,all_together,agB,20,1,106,0
3.1_fixed_no_traps,all_together,rnd,20,1,29,0
3.1_fixed_no_traps,all_together,agB,20,10,103,0
3.1_fixed_no_traps,all_together,rnd,20,10,29,0
3.1_fixed_no_traps,all_together,agA,20,10,128,0
3.1_fixed_no_traps,all_together,rnd,20,2,22,0
3.1_fixed_no_traps,all_together,agA,20,2,107,0
3.1_fixed_no_traps,all_together,agB,20,2,135,0
3.1_fixed_no_traps,all_together,agA,20,3,108,0
3.1_fixed_no_traps,all_together,rnd,20,3,29,0
3.1_fixed_no_traps,all_together,agB,20,3,106,0
3.1_fixed_no_traps,all_together,agB,20,4,108,0
3.1_fixed_no_traps,all_together,rnd,20,4,20,0
3.1_fixed_no_traps,all_together,agA,20,4,100,0
3.1_fixed_no_traps,all_together,rnd,20,5,33,0
3.1_fixed_no_traps,all_together,agB,20,5,131,0
3.1_fixed_no_traps,all_together,agA,20,5,92,0
3.1_fixed_no_traps,all_together,agB,20,6,145,0
3.1_fixed_no_traps,all_together,rnd,20,6,31,0
3.1_fixed_no_traps,all_together,agA,20,6,96,0
3.1_fixed_no_traps,all_together,agA,20,7,120,0
3.1_fixed_no_traps,all_together,agB,20,7,88,0
3.1_fixed_no_traps,all_together,rnd,20,7,35,0
3.1_fixed_no_traps,all_together,agA,20,8,76,0
3.1_fixed_no_traps,all_together,rnd,20,8,23,0
3.1_fixed_no_traps,all_together,agB,20,8,68,0
3.1_fixed_no_traps,all_together,agA,20,9,126,0
3.1_fixed_no_traps,all_together,agB,20,9,94,0
3.1_fixed_no_traps,all_together,rnd,20,9,26,0
3.1_fixed_no_traps,RandomAgent_solo,player,1,1,20,0
3.1_fixed_no_traps,RandomAgent_solo,player,1,10,12,0
3.1_fixed_no_traps,RandomAgent_solo,player,1,2,16,0
3.1_fixed_no_traps,RandomAgent_solo,player,1,3,18,0
3.1_fixed_no_traps,RandomAgent_solo,player,1,4,19,0
3.1_fixed_no_traps,RandomAgent_solo,player,1,5,11,0
3.1_fixed_no_traps,RandomAgent_solo,player,1,6,22,0
3.1_fixed_no_traps,RandomAgent_solo,player,1,7,23,0
3.1_fixed_no_traps,RandomAgent_solo,player,1,8,24,0
3.1_fixed_no_traps,RandomAgent_solo,player,1,9,17,0
3.1_fixed_no_traps,RandomAgent_solo,player,20,1,14,0
3.1_fixed_no_traps,RandomAgent_solo,player,20,10,19,0
3.1_fixed_no_traps,RandomAgent_solo,player,20,2,27,0
3.1_fixed_no_traps,RandomAgent_solo,player,20,3,25,0
3.1_fixed_no_traps,RandomAgent_solo,player,20,4,24,0
3.1_fixed_no_traps,RandomAgent_solo,player,20,5,16,0
3.1_fixed_no_traps,RandomAgent_solo,player,20,6,19,0
3.1_fixed_no_traps,RandomAgent_solo,player,20,7,14,0
3.1_fixed_no_traps,RandomAgent_solo,player,20,8,32,0
3.1_fixed_no_traps,RandomAgent_solo,player,20,9,19,0
3.2_fixed_10_traps,AgentA_solo,player,1,1,1,0
3.2_fixed_10_traps,AgentA_solo,player,1,10,1,0
3.2_fixed_10_traps,AgentA_solo,player,1,2,5,0
3.2_fixed_10_traps,AgentA_solo,player,1,3,3,0
3.2_fixed_10_traps,AgentA_solo,player,1,4,2,0
3.2_fixed_10_traps,AgentA_solo,player,1,5,18,0
3.2_fixed_10_traps,AgentA_solo,player,1,6,15,0
3.2_fixed_10_traps,AgentA_solo,player,1,7,2,0
3.2_fixed_10_traps,AgentA_solo,player,1,8,4,0
3.2_fixed_10_traps,AgentA_solo,player,1,9,12,0
3.2_fixed_10_traps,AgentA_solo,player,20,1,26,0
3.2_fixed_10_traps,AgentA_solo,player,20,10,17,0
3.2_fixed_10_traps,AgentA_solo,player,20,2,4,0
3.2_fixed_10_traps,AgentA_solo,player,20,3,14,0
3.2_fixed_10_traps,AgentA_solo,player,20,4,10,0
3.2_fixed_10_traps,AgentA_solo,player,20,5,12,0
3.2_fixed_10_traps,AgentA_solo,player,20,6,0,0
3.2_fixed_10_traps,AgentA_solo,player,20,7,8,0
3.2_fixed_10_traps,AgentA_solo,player,20,8,7,0
3.2_fixed_10_traps,AgentA_solo,player,20,9,78,0
3.2_fixed_10_traps,AgentB_solo,player,1,1,275,0
3.2_fixed_10_traps,AgentB_solo,player,1,10,295,0
3.2_fixed_10_traps,AgentB_solo,player,1,2,281,0
3.2_fixed_10_traps,AgentB_solo,player,1,3,294,0
3.2_fixed_10_traps,AgentB_solo,player,1,4,279,0
3.2_fixed_10_traps,AgentB_solo,player,1,5,298,0
3.2_fixed_10_traps,AgentB_solo,player,1,6,281,0
3.2_fixed_10_traps,AgentB_solo,player,1,7,296,0
3.2_fixed_10_traps,AgentB_solo,player,1,8,289,0
3.2_fixed_10_traps,AgentB_solo,player,1,9,269,0
3.2_fixed_10_traps,AgentB_solo,player,20,1,224,0
3.2_fixed_10_traps,AgentB_solo,player,20,10,235,0
3.2_fixed_10_traps,AgentB_solo,player,20,2,221,0
3.2_fixed_10_traps,AgentB_solo,player,20,3,236,0
3.2_fixed_10_traps,AgentB_solo,player,20,4,172,17
3.2_fixed_10_traps,AgentB_solo,player,20,5,214,0
3.2_fixed_10_traps,AgentB_solo,player,20,6,232,0
3.2_fixed_10_traps,AgentB_solo,player,20,7,224,0
3.2_fixed_10_traps,AgentB_solo,player,20,8,228,0
3.2_fixed_10_traps,AgentB_solo,player,20,9,228,0
3.2_fixed_10_traps,all_together,agA,1,1,168,0
3.2_fixed_10_traps,all_together,rnd,1,1,-49,91
3.2_fixed_10_traps,all_together,agB,1,1,244,0
3.2_fixed_10_traps,all_together,agA,1,10,166,0
3.2_fixed_10_traps,all_together,rnd,1,10,-47,85
3.2_fixed_10_traps,all_together,agB,1,10,187,0
3.2_fixed_10_traps,all_together,agB,1,2,153,0
3.2_fixed_10_traps,all_together,agA,1,2,128,0
3.2_fixed_10_traps,all_together,rnd,1,2,-44,78
3.2_fixed_10_traps,all_together,rnd,1,3,-48,85
3.2_fixed_10_traps,all_together,agA,1,3,224,0
3.2_fixed_10_traps,all_together,agB,1,3,225,0
3.2_fixed_10_traps,all_together,agA,1,4,106,0
3.2_fixed_10_traps,all_together,agB,1,4,133,0
3.2_fixed_10_traps,all_together,rnd,1,4,-88,116
3.2_fixed_10_traps,all_together,agA,1,5,191,0
3.2_fixed_10_traps,all_together,agB,1,5,252,0
3.2_fixed_10_traps,all_together,rnd,1,5,-67,99
3.2_fixed_10_traps,all_together,agA,1,6,149,0
3.2_fixed_10_traps,all_together,rnd,1,6,-65,100
3.2_fixed_10_traps,all_together,agB,1,6,178,0
3.2_fixed_10_traps,all_together,agB,1,7,219,0
3.2_fixed_10_traps,all_together,rnd,1,7,-65,94
3.2_fixed_10_traps,all_together,agA,1,7,193,0
3.2_fixed_10_traps,all_together,agA,1,8,181,0
3.2_fixed_10_traps,all_together,agB,1,8,254,0
3.2_fixed_10_traps,all_together,rnd,1,8,-70,102
3.2_fixed_10_traps,all_together,rnd,1,9,-57,90
3.2_fixed_10_traps,all_together,agA,1,9,187,0
3.2_fixed_10_traps,all_together,agB,1,9,267,0
3.2_fixed_10_traps,all_together,agA,20,1,95,0
3.2_fixed_10_traps,all_together,agB,20,1,145,0
3.2_fixed_10_traps,all_together,rnd,20,1,-49,79
3.2_fixed_10_traps,all_together,agA,20,10,81,0
3.2_fixed_10_traps,all_together,agB,20,10,89,0
3.2_fixed_10_traps,all_together,rnd,20,10,-68,96
3.2_fixed_10_traps,all_together,agB,20,2,85,0
3.2_fixed_10_traps,all_together,agA,20,2,57,0
3.2_fixed_10_traps,all_together,rnd,20,2,-79,96
3.2_fixed_10_traps,all_together,agB,20,3,101,0
3.2_fixed_10_traps,all_together,rnd,20,3,-24,57
3.2_fixed_10_traps,all_together,agA,20,3,63,0
3.2_fixed_10_traps,all_together,rnd,20,4,-68,89
3.2_fixed_10_traps,all_together,agB,20,4,91,12
3.2_fixed_10_traps,all_together,agA,20,4,56,0
3.2_fixed_10_traps,all_together,rnd,20,5,-82,110
3.2_fixed_10_traps,all_together,agA,20,5,77,0
3.2_fixed_10_traps,all_together,agB,20,5,140,0
3.2_fixed_10_traps,all_together,rnd,20,6,-94,114
3.2_fixed_10_traps,all_together,agB,20,6,142,0
3.2_fixed_10_traps,all_together,agA,20,6,87,0
3.2_fixed_10_traps,all_together,rnd,20,7,-69,95
3.2_fixed_10_traps,all_together,agB,20,7,150,0
3.2_fixed_10_traps,all_together,agA,20,7,91,0
3.2_fixed_10_traps,all_together,rnd,20,8,-91,116
3.2_fixed_10_traps,all_together,agA,20,8,91,0
3.2_fixed_10_traps,all_together,agB,20,8,128,0
3.2_fixed_10_traps,all_together,rnd,20,9,-86,113
3.2_fixed_10_traps,all_together,agB,20,9,133,0
3.2_fixed_10_traps,all_together,agA,20,9,88,0
3.2_fixed_10_traps,RandomAgent_solo,player,1,1,-98,114
3.2_fixed_10_traps,RandomAgent_solo,player,1,10,-63,81
3.2_fixed_10_traps,RandomAgent_solo,player,1,2,-16,55
3.2_fixed_10_traps,RandomAgent_solo,player,1,3,-87,100
3.2_fixed_10_traps,RandomAgent_solo,player,1,4,-59,76
3.2_fixed_10_traps,RandomAgent_solo,player,1,5,-75,101
3.2_fixed_10_traps,RandomAgent_solo,player,1,6,-62,88
3.2_fixed_10_traps,RandomAgent_solo,player,1,7,-43,61
3.2_fixed_10_traps,RandomAgent_solo,player,1,8,-70,95
3.2_fixed_10_traps,RandomAgent_solo,player,1,9,-76,84
3.2_fixed_10_traps,RandomAgent_solo,player,20,1,-74,85
3.2_fixed_10_traps,RandomAgent_solo,player,20,10,-117,136
3.2_fixed_10_traps,RandomAgent_solo,player,20,2,-56,73
3.2_fixed_10_traps,RandomAgent_solo,player,20,3,-165,170
3.2_fixed_10_traps,RandomAgent_solo,player,20,4,-103,115
3.2_fixed_10_traps,RandomAgent_solo,player,20,5,-98,118
3.2_fixed_10_traps,RandomAgent_solo,player,20,6,-1000,1000
3.2_fixed_10_traps,RandomAgent_solo,player,20,7,-79,104
3.2_fixed_10_traps,RandomAgent_solo,player,20,8,-61,76
3.2_fixed_10_traps,RandomAgent_solo,player,20,9,-81,99
3.3_dynamic_no_traps,AgentA_solo,player,1,1,268,0
3.3_dynamic_no_traps,AgentA_solo,player,1,10,263,0
3.3_dynamic_no_traps,AgentA_solo,player,1,2,262,0
3.3_dynamic_no_traps,AgentA_solo,player,1,3,252,0
3.3_dynamic_no_traps,AgentA_solo,player,1,4,252,0
3.3_dynamic_no_traps,AgentA_solo,player,1,5,247,0
3.3_dynamic_no_traps,AgentA_solo,player,1,6,262,0
3.3_dynamic_no_traps,AgentA_solo,player,1,7,269,0
3.3_dynamic_no_traps,AgentA_solo,player,1,8,279,0
3.3_dynamic_no_traps,AgentA_solo,player,1,9,252,0
3.3_dynamic_no_traps,AgentA_solo,player,20,1,44,0
3.3_dynamic_no_traps,AgentA_solo,player,20,10,55,0
3.3_dynamic_no_traps,AgentA_solo,player,20,2,33,0
3.3_dynamic_no_traps,AgentA_solo,player,20,3,59,0
3.3_dynamic_no_traps,AgentA_solo,player,20,4,49,0
3.3_dynamic_no_traps,AgentA_solo,player,20,5,56,0
3.3_dynamic_no_traps,AgentA_solo,player,20,6,63,0
3.3_dynamic_no_traps,AgentA_solo,player,20,7,46,0
3.3_dynamic_no_traps,AgentA_solo,player,20,8,57,0
3.3_dynamic_no_traps,AgentA_solo,player,20,9,60,0
3.3_dynamic_no_traps,AgentB_solo,player,1,1,258,0
3.3_dynamic_no_traps,AgentB_solo,player,1,10,272,0
3.3_dynamic_no_traps,AgentB_solo,player,1,2,235,0
3.3_dynamic_no_traps,AgentB_solo,player,1,3,251,0
3.3_dynamic_no_traps,AgentB_solo,player,1,4,274,0
3.3_dynamic_no_traps,AgentB_solo,player,1,5,272,0
3.3_dynamic_no_traps,AgentB_solo,player,1,6,271,0
3.3_dynamic_no_traps,AgentB_solo,player,1,7,254,0
3.3_dynamic_no_traps,AgentB_solo,player,1,8,265,0
3.3_dynamic_no_traps,AgentB_solo,player,1,9,285,0
3.3_dynamic_no_traps,AgentB_solo,player,20,1,44,0
3.3_dynamic_no_traps,AgentB_solo,player,20,10,60,0
3.3_dynamic_no_traps,AgentB_solo,player,20,2,45,0
3.3_dynamic_no_traps,AgentB_solo,player,20,3,57,0
3.3_dynamic_no_traps,AgentB_solo,player,20,4,57,0
3.3_dynamic_no_traps,AgentB_solo,player,20,5,44,0
3.3_dynamic_no_traps,AgentB_solo,player,20,6,54,0
3.3_dynamic_no_traps,AgentB_solo,player,20,7,52,0
3.3_dynamic_no_traps,AgentB_solo,player,20,8,52,0
3.3_dynamic_no_traps,AgentB_solo,player,20,9,49,0
3.3_dynamic_no_traps,all_together,rnd,1,1,51,0
3.3_dynamic_no_traps,all_together,agA,1,1,218,0
3.3_dynamic_no_traps,all_together,agB,1,1,237,0
3.3_dynamic_no_traps,all_together,rnd,1,10,45,0
3.3_dynamic_no_traps,all_together,agB,1,10,214,0
3.3_dynamic_no_traps,all_together,agA,1,10,197,0
3.3_dynamic_no_traps,all_together,rnd,1,2,32,0
3.3_dynamic_no_traps,all_together,agB,1,2,211,0
3.3_dynamic_no_traps,all_together,agA,1,2,218,0
3.3_dynamic_no_traps,all_together,agA,1,3,208,0
3.3_dynamic_no_traps,all_together,agB,1,3,209,0
3.3_dynamic_no_traps,all_together,rnd,1,3,33,0
3.3_dynamic_no_traps,all_together,rnd,1,4,40,0
3.3_dynamic_no_traps,all_together,agA,1,4,235,0
3.3_dynamic_no_traps,all_together,agB,1,4,193,0
3.3_dynamic_no_traps,all_together,agB,1,5,189,0
3.3_dynamic_no_traps,all_together,rnd,1,5,47,0
3.3_dynamic_no_traps,all_together,agA,1,5,194,0
3.3_dynamic_no_traps,all_together,agB,1,6,205,0
3.3_dynamic_no_traps,all_together,rnd,1,6,40,0
3.3_dynamic_no_traps,all_together,agA,1,6,181,0
3.3_dynamic_no_traps,all_together,agB,1,7,212,0
3.3_dynamic_no_traps,all_together,rnd,1,7,35,0
3.3_dynamic_no_traps,all_together,agA,1,7,207,0
3.3_dynamic_no_traps,all_together,agB,1,8,218,0
3.3_dynamic_no_traps,all_together,rnd,1,8,36,0
3.3_dynamic_no_traps,all_together,agA,1,8,193,0
3.3_dynamic_no_traps,all_together,agA,1,9,216,0
3.3_dynamic_no_traps,all_together,rnd,1,9,36,0
3.3_dynamic_no_traps,all_together,agB,1,9,219,0
3.3_dynamic_no_traps,all_together,agA,20,1,28,0
3.3_dynamic_no_traps,all_together,agB,20,1,28,0
3.3_dynamic_no_traps,all_together,rnd,20,1,25,0
3.3_dynamic_no_traps,all_together,rnd,20,10,31,0
3.3_dynamic_no_traps,all_together,agB,20,10,36,0
3.3_dynamic_no_traps,all_together,agA,20,10,25,0
3.3_dynamic_no_traps,all_together,rnd,20,2,36,0
3.3_dynamic_no_traps,all_together,agB,20,2,40,0
3.3_dynamic_no_traps,all_together,agA,20,2,30,0
3.3_dynamic_no_traps,all_together,rnd,20,3,39,0
3.3_dynamic_no_traps,all_together,agB,20,3,34,0
3.3_dynamic_no_traps,all_together,agA,20,3,28,0
3.3_dynamic_no_traps,all_together,agB,20,4,35,0
3.3_dynamic_no_traps,all_together,rnd,20,4,36,0
3.3_dynamic_no_traps,all_together,agA,20,4,40,0
3.3_dynamic_no_traps,all_together,rnd,20,5,39,0
3.3_dynamic_no_traps,all_together,agB,20,5,29,0
3.3_dynamic_no_traps,all_together,agA,20,5,23,0
3.3_dynamic_no_traps,all_together,agB,20,6,35,0
3.3_dynamic_no_traps,all_together,agA,20,6,27,0
3.3_dynamic_no_traps,all_together,rnd,20,6,25,0
3.3_dynamic_no_traps,all_together,agB,20,7,33,0
3.3_dynamic_no_traps,all_together,agA,20,7,25,0
3.3_dynamic_no_traps,all_together,rnd,20,7,35,0
3.3_dynamic_no_traps,all_together,agA,20,8,27,0
3.3_dynamic_no_traps,all_together,rnd,20,8,39,0
3.3_dynamic_no_traps,all_together,agB,20,8,30,0
3.3_dynamic_no_traps,all_together,rnd,20,9,33,0
3.3_dynamic_no_traps,all_together,agA,20,9,29,0
3.3_dynamic_no_traps,all_together,agB,20,9,27,0
3.3_dynamic_no_traps,RandomAgent_solo,player,1,1,31,0
3.3_dynamic_no_traps,RandomAgent_solo,player,1,10,24,0
3.3_dynamic_no_traps,RandomAgent_solo,player,1,2,39,0
3.3_dynamic_no_traps,RandomAgent_solo,player,1,3,22,0
3.3_dynamic_no_traps,RandomAgent_solo,player,1,4,24,0
3.3_dynamic_no_traps,RandomAgent_solo,player,1,5,30,0
3.3_dynamic_no_traps,RandomAgent_solo,player,1,6,35,0
3.3_dynamic_no_traps,RandomAgent_solo,player,1,7,35,0
3.3_dynamic_no_traps,RandomAgent_solo,player,1,8,38,0
3.3_dynamic_no_traps,RandomAgent_solo,player,1,9,35,0
3.3_dynamic_no_traps,RandomAgent_solo,player,20,1,31,0
3.3_dynamic_no_traps,RandomAgent_solo,player,20,10,46,0
3.3_dynamic_no_traps,RandomAgent_solo,player,20,2,29,0
3.3_dynamic_no_traps,RandomAgent_solo,player,20,3,31,0
3.3_dynamic_no_traps,RandomAgent_solo,player,20,4,33,0
3.3_dynamic_no_traps,RandomAgent_solo,player,20,5,42,0
3.3_dynamic_no_traps,RandomAgent_solo,player,20,6,35,0
3.3_dynamic_no_traps,RandomAgent_solo,player,20,7,31,0
3.3_dynamic_no_traps,RandomAgent_solo,player,20,8,28,0
3.3_dynamic_no_traps,RandomAgent_solo,player,20,9,41,0
3.4_dynamic_10_traps,AgentA_solo,player,1,1,191,14
3.4_dynamic_10_traps,AgentA_solo,player,1,10,184,11
3.4_dynamic_10_traps,AgentA_solo,player,1,2,194,18
3.4_dynamic_10_traps,AgentA_solo,player,1,3,190,11
3.4_dynamic_10_traps,AgentA_solo,player,1,4,196,16
3.4_dynamic_10_traps,AgentA_solo,player,1,5,193,11
3.4_dynamic_10_traps,AgentA_solo,player,1,6,213,11
3.4_dynamic_10_traps,AgentA_solo,player,1,7,197,4
3.4_dynamic_10_traps,AgentA_solo,player,1,8,196,10
3.4_dynamic_10_traps,AgentA_solo,player,1,9,206,12
3.4_dynamic_10_traps,AgentA_solo,player,20,1,-266,293
3.4_dynamic_10_traps,AgentA_solo,player,20,10,-294,327
3.4_dynamic_10_traps,AgentA_solo,player,20,2,-261,295
3.4_dynamic_10_traps,AgentA_solo,player,20,3,-373,402
3.4_dynamic_10_traps,AgentA_solo,player,20,4,-408,435
3.4_dynamic_10_traps,AgentA_solo,player,20,5,-355,384
3.4_dynamic_10_traps,AgentA_solo,player,20,6,-262,289
3.4_dynamic_10_traps,AgentA_solo,player,20,7,-289,316
3.4_dynamic_10_traps,AgentA_solo,player,20,8,-348,370
3.4_dynamic_10_traps,AgentA_solo,player,20,9,-339,361
3.4_dynamic_10_traps,AgentB_solo,player,1,1,220,11
3.4_dynamic_10_traps,AgentB_solo,player,1,10,230,7
3.4_dynamic_10_traps,AgentB_solo,player,1,2,216,6
3.4_dynamic_10_traps,AgentB_solo,player,1,3,236,9
3.4_dynamic_10_traps,AgentB_solo,player,1,4,236,7
3.4_dynamic_10_traps,AgentB_solo,player,1,5,214,13
3.4_dynamic_10_traps,AgentB_solo,player,1,6,230,9
3.4_dynamic_10_traps,AgentB_solo,player,1,7,225,11
3.4_dynamic_10_traps,AgentB_solo,player,1,8,234,6
3.4_dynamic_10_traps,AgentB_solo,player,1,9,222,9
3.4_dynamic_10_traps,AgentB_solo,player,20,1,-356,385
3.4_dynamic_10_traps,AgentB_solo,player,20,10,-358,389
3.4_dynamic_10_traps,AgentB_solo,player,20,2,-381,415
3.4_dynamic_10_traps,AgentB_solo,player,20,3,-314,350
3.4_dynamic_10_traps,AgentB_solo,player,20,4,-359,396
3.4_dynamic_10_traps,AgentB_solo,player,20,5,-407,427
3.4_dynamic_10_traps,AgentB_solo,player,20,6,-301,332
3.4_dynamic_10_traps,AgentB_solo,player,20,7,-362,395
3.4_dynamic_10_traps,AgentB_solo,player,20,8,-376,406
3.4_dynamic_10_traps,AgentB_solo,player,20,9,-352,383
3.4_dynamic_10_traps,all_together,rnd,1,1,-53,92
3.4_dynamic_10_traps,all_together,agB,1,1,173,11
3.4_dynamic_10_traps,all_together,agA,1,1,175,4
3.4_dynamic_10_traps,all_together,agA,1,10,169,12
3.4_dynamic_10_traps,all_together,rnd,1,10,-69,95
3.4_dynamic_10_traps,all_together,agB,1,10,207,6
3.4_dynamic_10_traps,all_together,agA,1,2,154,13
3.4_dynamic_10_traps,all_together,agB,1,2,198,10
3.4_dynamic_10_traps,all_together,rnd,1,2,-61,103
3.4_dynamic_10_traps,all_together,agB,1,3,196,8
3.4_dynamic_10_traps,all_together,agA,1,3,158,18
3.4_dynamic_10_traps,all_together,rnd,1,3,-78,107
3.4_dynamic_10_traps,all_together,rnd,1,4,-91,121
3.4_dynamic_10_traps,all_together,agB,1,4,199,7
3.4_dynamic_10_traps,all_together,agA,1,4,167,9
3.4_dynamic_10_traps,all_together,agB,1,5,205,11
3.4_dynamic_10_traps,all_together,agA,1,5,180,5
3.4_dynamic_10_traps,all_together,rnd,1,5,-60,100
3.4_dynamic_10_traps,all_together,rnd,1,6,-80,110
3.4_dynamic_10_traps,all_together,agB,1,6,197,7
3.4_dynamic_10_traps,all_together,agA,1,6,170,9
3.4_dynamic_10_traps,all_together,agA,1,7,172,13
3.4_dynamic_10_traps,all_together,rnd,1,7,-66,96
3.4_dynamic_10_traps,all_together,agB,1,7,176,10
3.4_dynamic_10_traps,all_together,agB,1,8,198,11
3.4_dynamic_10_traps,all_together,agA,1,8,143,11
3.4_dynamic_10_traps,all_together,rnd,1,8,-58,98
3.4_dynamic_10_traps,all_together,agB,1,9,215,8
3.4_dynamic_10_traps,all_together,agA,1,9,158,5
3.4_dynamic_10_traps,all_together,rnd,1,9,-56,91
3.4_dynamic_10_traps,all_together,agB,20,1,-386,406
3.4_dynamic_10_traps,all_together,agA,20,1,-235,254
3.4_dynamic_10_traps,all_together,rnd,20,1,-94,120
3.4_dynamic_10_traps,all_together,agA,20,10,-228,251
3.4_dynamic_10_traps,all_together,rnd,20,10,-58,92
3.4_dynamic_10_traps,all_together,agB,20,10,-273,301
3.4_dynamic_10_traps,all_together,rnd,20,2,-84,108
3.4_dynamic_10_traps,all_together,agB,20,2,-320,343
3.4_dynamic_10_traps,all_together,agA,20,2,-233,258
3.4_dynamic_10_traps,all_together,rnd,20,3,-88,114
3.4_dynamic_10_traps,all_together,agA,20,3,-257,288
3.4_dynamic_10_traps,all_together,agB,20,3,-301,315
3.4_dynamic_10_traps,all_together,agA,20,4,-240,266
3.4_dynamic_10_traps,all_together,rnd,20,4,-91,111
3.4_dynamic_10_traps,all_together,agB,20,4,-280,305
3.4_dynamic_10_traps,all_together,agB,20,5,-266,296
3.4_dynamic_10_traps,all_together,agA,20,5,-203,221
3.4_dynamic_10_traps,all_together,rnd,20,5,-86,114
3.4_dynamic_10_traps,all_together,agB,20,6,-327,343
3.4_dynamic_10_traps,all_together,rnd,20,6,-54,93
3.4_dynamic_10_traps,all_together,agA,20,6,-180,193
3.4_dynamic_10_traps,all_together,rnd,20,7,-62,90
3.4_dynamic_10_traps,all_together,agB,20,7,-309,333
3.4_dynamic_10_traps,all_together,agA,20,7,-342,354
3.4_dynamic_10_traps,all_together,rnd,20,8,-55,85
3.4_dynamic_10_traps,all_together,agB,20,8,-310,333
3.4_dynamic_10_traps,all_together,agA,20,8,-249,271
3.4_dynamic_10_traps,all_together,rnd,20,9,-56,86
3.4_dynamic_10_traps,all_together,agB,20,9,-296,311
3.4_dynamic_10_traps,all_together,agA,20,9,-291,309
3.4_dynamic_10_traps,RandomAgent_solo,player,1,1,-72,93
3.4_dynamic_10_traps,RandomAgent_solo,player,1,10,-76,104
3.4_dynamic_10_traps,RandomAgent_solo,player,1,2,-88,112
3.4_dynamic_10_traps,RandomAgent_solo,player,1,3,-93,116
3.4_dynamic_10_traps,RandomAgent_solo,player,1,4,-90,117
3.4_dynamic_10_traps,RandomAgent_solo,player,1,5,-51,89
3.4_dynamic_10_traps,RandomAgent_solo,player,1,6,-105,129
3.4_dynamic_10_traps,RandomAgent_solo,player,1,7,-59,88
3.4_dynamic_10_traps,RandomAgent_solo,player,1,8,-60,92
3.4_dynamic_10_traps,RandomAgent_solo,player,1,9,-74,104
3.4_dynamic_10_traps,RandomAgent_solo,player,20,1,-78,105
3.4_dynamic_10_traps,RandomAgent_solo,player,20,10,-57,99
3.4_dynamic_10_traps,RandomAgent_solo,player,20,2,-79,105
3.4_dynamic_10_traps,RandomAgent_solo,player,20,3,-86,116
3.4_dynamic_10_traps,RandomAgent_solo,player,20,4,-94,115
3.4_dynamic_10_traps,RandomAgent_solo,player,20,5,-44,84
3.4_dynamic_10_traps,RandomAgent_solo,player,20,6,-56,84
3.4_dynamic_10_traps,RandomAgent_solo,player,20,7,-80,109
3.4_dynamic_10_traps,RandomAgent_solo,player,20,8,-73,101
3.4_dynamic_10_traps,RandomAgent_solo,player,20,9,-79,107